frequency,raw,error,smoothed,error_smoothed,equalization,parametric_eq,fixed_band_eq,equalized_raw,equalized_smoothed,target
20.00,6.42,-4.30,6.43,-4.28,4.44,4.27,1.30,10.85,10.87,10.71
20.20,6.41,-4.36,6.39,-4.37,4.42,4.24,1.34,10.83,10.82,10.76
20.40,6.40,-4.42,6.37,-4.44,4.41,4.22,1.38,10.80,10.78,10.81
20.61,6.39,-4.46,6.37,-4.48,4.39,4.19,1.42,10.77,10.76,10.84
20.81,6.38,-4.52,6.37,-4.52,4.36,4.17,1.46,10.74,10.74,10.89
21.02,6.38,-4.56,6.42,-4.51,4.34,4.14,1.50,10.72,10.76,10.93
21.23,6.53,-4.43,6.52,-4.44,4.32,4.11,1.54,10.84,10.84,10.95
21.44,6.68,-4.29,6.67,-4.30,4.29,4.09,1.59,10.97,10.96,10.97
21.66,6.82,-4.17,6.84,-4.15,4.23,4.06,1.63,11.06,11.07,10.99
21.87,6.97,-4.03,6.95,-4.06,4.19,4.03,1.68,11.16,11.14,11.00
22.09,7.02,-4.00,7.00,-4.02,4.16,4.00,1.73,11.18,11.15,11.02
22.31,6.96,-4.07,6.98,-4.05,4.13,3.97,1.77,11.09,11.11,11.03
22.54,6.91,-4.12,6.90,-4.13,4.10,3.94,1.83,11.01,11.00,11.03
22.76,6.84,-4.18,6.84,-4.19,4.07,3.91,1.88,10.92,10.91,11.03
22.99,6.79,-4.23,6.84,-4.18,4.04,3.88,1.93,10.83,10.88,11.02
23.22,6.92,-4.10,6.91,-4.11,4.01,3.85,1.98,10.92,10.91,11.02
23.45,7.05,-3.97,7.04,-3.98,3.96,3.82,2.04,11.01,11.01,11.02
23.69,7.18,-3.84,7.20,-3.83,3.92,3.79,2.10,11.10,11.11,11.03
23.92,7.33,-3.70,7.29,-3.74,3.87,3.76,2.15,11.19,11.16,11.03
24.16,7.35,-3.68,7.33,-3.70,3.81,3.72,2.21,11.16,11.14,11.03
24.40,7.30,-3.73,7.31,-3.72,3.75,3.69,2.27,11.06,11.06,11.04
24.65,7.27,-3.76,7.26,-3.77,3.70,3.66,2.33,10.96,10.96,11.03
24.89,7.24,-3.79,7.26,-3.77,3.64,3.62,2.39,10.88,10.90,11.03
25.14,7.30,-3.73,7.31,-3.71,3.60,3.59,2.45,10.89,10.91,11.03
25.39,7.44,-3.60,7.43,-3.60,3.55,3.56,2.51,10.99,10.99,11.03
25.65,7.56,-3.47,7.57,-3.46,3.51,3.52,2.57,11.08,11.09,11.03
25.91,7.70,-3.32,7.67,-3.36,3.47,3.49,2.63,11.18,11.15,11.02
26.16,7.71,-3.31,7.70,-3.32,3.44,3.45,2.69,11.16,11.14,11.02
26.43,7.66,-3.37,7.66,-3.36,3.42,3.42,2.75,11.08,11.08,11.02
26.69,7.60,-3.43,7.60,-3.42,3.41,3.38,2.81,11.01,11.01,11.02
26.96,7.54,-3.48,7.56,-3.46,3.41,3.35,2.87,10.95,10.97,11.02
27.23,7.56,-3.47,7.55,-3.47,3.40,3.31,2.93,10.96,10.96,11.02
27.50,7.59,-3.43,7.57,-3.45,3.38,3.28,2.98,10.96,10.95,11.02
27.77,7.62,-3.39,7.62,-3.40,3.33,3.24,3.03,10.95,10.95,11.01
28.05,7.67,-3.34,7.69,-3.31,3.27,3.21,3.08,10.93,10.96,11.01
28.33,7.81,-3.19,7.81,-3.19,3.19,3.17,3.13,11.00,11.00,11.00
28.62,7.94,-3.05,7.95,-3.05,3.12,3.13,3.17,11.06,11.07,11.00
28.90,8.09,-2.92,8.06,-2.94,3.05,3.10,3.22,11.14,11.11,11.01
29.19,8.12,-2.88,8.10,-2.90,2.99,3.06,3.25,11.10,11.08,10.99
29.48,8.08,-2.93,8.08,-2.92,2.92,3.02,3.29,11.00,11.01,11.00
29.78,8.05,-2.95,8.05,-2.95,2.87,2.99,3.31,10.92,10.93,10.99
30.08,8.04,-2.97,8.06,-2.93,2.84,2.95,3.34,10.87,10.90,11.00
30.38,8.13,-2.86,8.14,-2.85,2.81,2.91,3.36,10.95,10.95,10.99
30.68,8.24,-2.75,8.23,-2.76,2.79,2.87,3.37,11.03,11.02,10.99
30.99,8.33,-2.65,8.30,-2.68,2.76,2.84,3.38,11.09,11.06,10.99
31.30,8.32,-2.66,8.31,-2.67,2.71,2.80,3.39,11.03,11.02,10.98
31.61,8.29,-2.69,8.29,-2.68,2.66,2.76,3.39,10.94,10.95,10.98
31.93,8.27,-2.71,8.29,-2.68,2.61,2.72,3.39,10.88,10.90,10.97
32.24,8.33,-2.64,8.34,-2.63,2.59,2.69,3.38,10.91,10.92,10.96
32.57,8.40,-2.56,8.41,-2.55,2.58,2.65,3.37,10.99,10.99,10.96
32.89,8.50,-2.47,8.46,-2.49,2.59,2.61,3.35,11.08,11.05,10.96
33.22,8.47,-2.47,8.45,-2.50,2.59,2.57,3.33,11.06,11.04,10.95
33.55,8.39,-2.55,8.40,-2.54,2.57,2.53,3.30,10.97,10.98,10.95
33.89,8.33,-2.61,8.35,-2.59,2.54,2.50,3.27,10.86,10.89,10.94
34.23,8.34,-2.60,8.34,-2.60,2.48,2.46,3.24,10.82,10.82,10.93
34.57,8.40,-2.53,8.38,-2.54,2.42,2.42,3.21,10.81,10.80,10.92
34.92,8.46,-2.46,8.48,-2.43,2.35,2.38,3.17,10.82,10.84,10.92
35.27,8.62,-2.29,8.65,-2.26,2.28,2.34,3.13,10.90,10.93,10.91
35.62,8.81,-2.09,8.82,-2.09,2.19,2.30,3.09,11.01,11.01,10.91
35.97,9.01,-1.89,8.93,-1.97,2.10,2.27,3.05,11.11,11.03,10.90
36.33,8.95,-1.95,8.94,-1.95,2.01,2.23,3.00,10.97,10.96,10.90
36.70,8.88,-2.01,8.91,-1.99,1.95,2.19,2.96,10.83,10.86,10.89
37.06,8.84,-2.05,8.89,-2.00,1.92,2.15,2.92,10.76,10.81,10.89
37.43,8.95,-1.95,8.95,-1.94,1.92,2.11,2.87,10.87,10.88,10.89
37.81,9.06,-1.84,9.01,-1.87,1.94,2.08,2.83,10.99,10.95,10.89
38.19,9.05,-1.83,9.00,-1.89,1.95,2.04,2.78,11.00,10.95,10.88
38.57,8.93,-1.96,8.93,-1.96,1.95,2.00,2.74,10.88,10.88,10.89
38.95,8.80,-2.10,8.87,-2.02,1.94,1.96,2.69,10.74,10.81,10.89
39.34,8.87,-2.01,8.87,-2.02,1.93,1.93,2.65,10.80,10.80,10.88
39.74,8.94,-1.93,8.92,-1.96,1.93,1.89,2.61,10.87,10.85,10.88
40.14,9.00,-1.87,8.99,-1.88,1.92,1.85,2.57,10.93,10.91,10.87
40.54,9.01,-1.87,9.01,-1.86,1.92,1.82,2.53,10.92,10.93,10.87
40.94,9.01,-1.85,9.00,-1.86,1.90,1.78,2.50,10.90,10.90,10.86
41.35,8.99,-1.87,8.98,-1.87,1.87,1.74,2.46,10.86,10.85,10.85
41.76,8.97,-1.88,8.97,-1.87,1.85,1.70,2.43,10.82,10.82,10.84
42.18,8.97,-1.87,8.97,-1.86,1.84,1.67,2.39,10.80,10.81,10.84
42.60,8.99,-1.84,8.98,-1.84,1.83,1.63,2.36,10.81,10.81,10.82
43.03,9.01,-1.80,9.00,-1.81,1.81,1.60,2.34,10.82,10.81,10.81
43.46,9.01,-1.79,9.01,-1.78,1.79,1.56,2.31,10.79,10.80,10.79
43.90,9.01,-1.76,9.00,-1.76,1.76,1.53,2.29,10.76,10.76,10.77
44.33,9.01,-1.74,9.00,-1.74,1.72,1.49,2.26,10.73,10.73,10.74
44.78,9.01,-1.71,9.02,-1.71,1.70,1.46,2.24,10.70,10.71,10.72
45.23,9.04,-1.67,9.05,-1.66,1.67,1.42,2.23,10.71,10.72,10.70
45.68,9.08,-1.61,9.07,-1.62,1.64,1.39,2.21,10.72,10.71,10.69
46.13,9.09,-1.57,9.06,-1.61,1.61,1.35,2.19,10.71,10.67,10.66
46.60,9.03,-1.63,9.03,-1.62,1.60,1.32,2.18,10.63,10.63,10.66
47.06,8.97,-1.67,9.00,-1.63,1.62,1.29,2.17,10.59,10.62,10.63
47.53,8.99,-1.63,8.98,-1.64,1.65,1.26,2.16,10.64,10.64,10.62
48.01,9.01,-1.60,9.00,-1.60,1.70,1.23,2.15,10.70,10.70,10.61
48.49,8.97,-1.62,8.98,-1.61,1.74,1.19,2.14,10.70,10.71,10.58
48.97,8.91,-1.64,8.80,-1.75,1.77,1.17,2.14,10.68,10.57,10.56
49.46,8.65,-1.88,8.62,-1.91,1.79,1.14,2.13,10.44,10.41,10.53
49.96,8.37,-2.14,8.60,-1.90,1.78,1.11,2.13,10.15,10.39,10.50
50.46,8.68,-1.80,8.70,-1.78,1.73,1.08,2.13,10.41,10.43,10.48
50.96,9.07,-1.40,8.81,-1.65,1.63,1.05,2.13,10.69,10.44,10.47
51.47,8.96,-1.48,8.93,-1.51,1.49,1.03,2.13,10.44,10.42,10.44
51.99,8.80,-1.62,9.03,-1.39,1.31,1.01,2.12,10.11,10.34,10.42
52.51,9.19,-1.21,9.19,-1.21,1.12,0.98,2.12,10.32,10.31,10.40
53.03,9.60,-0.80,9.49,-0.90,0.94,0.96,2.12,10.54,10.43,10.39
53.56,9.75,-0.62,9.75,-0.61,0.79,0.94,2.12,10.54,10.54,10.36
54.10,9.85,-0.49,9.82,-0.52,0.67,0.93,2.12,10.53,10.49,10.34
54.64,9.77,-0.55,9.79,-0.53,0.58,0.91,2.12,10.35,10.37,10.31
55.18,9.71,-0.60,9.74,-0.56,0.53,0.90,2.11,10.23,10.27,10.30
55.74,9.70,-0.58,9.70,-0.58,0.52,0.89,2.10,10.21,10.21,10.27
56.29,9.68,-0.58,9.68,-0.57,0.54,0.88,2.10,10.22,10.22,10.25
56.86,9.66,-0.57,9.63,-0.59,0.59,0.88,2.09,10.25,10.23,10.23
57.42,9.55,-0.63,9.55,-0.64,0.65,0.88,2.07,10.21,10.21,10.19
58.00,9.44,-0.73,9.45,-0.71,0.71,0.89,2.06,10.15,10.16,10.16
58.58,9.35,-0.80,9.35,-0.79,0.77,0.90,2.04,10.11,10.12,10.14
59.16,9.26,-0.84,9.27,-0.84,0.83,0.91,2.02,10.10,10.10,10.11
59.76,9.20,-0.88,9.18,-0.89,0.90,0.94,1.99,10.10,10.08,10.08
60.35,9.07,-0.95,9.06,-0.96,0.97,0.97,1.97,10.05,10.04,10.02
60.96,8.92,-1.05,8.92,-1.05,1.04,1.00,1.93,9.96,9.97,9.97
61.57,8.77,-1.15,8.78,-1.14,1.11,1.05,1.90,9.88,9.89,9.91
62.18,8.63,-1.22,8.64,-1.21,1.18,1.11,1.85,9.81,9.82,9.86
62.80,8.53,-1.26,8.53,-1.26,1.25,1.17,1.81,9.78,9.77,9.79
63.43,8.41,-1.32,8.41,-1.32,1.32,1.25,1.76,9.74,9.73,9.73
64.07,8.28,-1.39,8.27,-1.40,1.42,1.35,1.71,9.69,9.69,9.67
64.71,8.12,-1.49,8.13,-1.48,1.52,1.46,1.65,9.63,9.65,9.61
65.35,7.95,-1.60,7.96,-1.58,1.63,1.58,1.59,9.58,9.59,9.55
66.01,7.81,-1.68,7.77,-1.71,1.75,1.72,1.52,9.55,9.52,9.48
66.67,7.54,-1.88,7.54,-1.88,1.88,1.88,1.45,9.41,9.41,9.41
67.33,7.28,-2.06,7.30,-2.05,2.02,2.05,1.37,9.30,9.32,9.34
68.01,7.06,-2.23,7.09,-2.19,2.16,2.23,1.30,9.21,9.24,9.28
68.69,6.93,-2.29,6.90,-2.31,2.30,2.42,1.21,9.23,9.20,9.21
69.37,6.74,-2.40,6.72,-2.42,2.44,2.60,1.13,9.18,9.16,9.14
70.07,6.52,-2.55,6.55,-2.53,2.56,2.78,1.04,9.08,9.11,9.07
70.77,6.37,-2.63,6.36,-2.64,2.67,2.92,0.95,9.03,9.03,9.00
71.48,6.19,-2.74,6.17,-2.75,2.75,3.03,0.85,8.94,8.92,8.92
72.19,6.00,-2.83,6.00,-2.83,2.82,3.09,0.76,8.82,8.82,8.83
72.91,5.85,-2.90,5.86,-2.89,2.85,3.07,0.66,8.70,8.72,8.75
73.64,5.78,-2.90,5.80,-2.87,2.85,2.99,0.56,8.63,8.65,8.67
74.38,5.78,-2.81,5.76,-2.82,2.81,2.85,0.45,8.59,8.57,8.59
75.12,5.82,-2.69,5.76,-2.74,2.72,2.64,0.35,8.54,8.48,8.50
75.87,5.75,-2.67,5.80,-2.61,2.59,2.39,0.24,8.33,8.39,8.41
76.63,5.89,-2.45,5.89,-2.45,2.41,2.11,0.13,8.29,8.29,8.34
77.40,6.06,-2.20,6.04,-2.21,2.19,1.82,0.02,8.24,8.23,8.26
78.17,6.24,-1.93,6.25,-1.93,1.94,1.52,-0.09,8.18,8.19,8.17
78.95,6.49,-1.61,6.44,-1.65,1.67,1.22,-0.21,8.16,8.12,8.10
79.74,6.63,-1.40,6.65,-1.37,1.39,0.94,-0.32,8.02,8.04,8.02
80.54,6.85,-1.10,6.86,-1.08,1.09,0.67,-0.44,7.94,7.96,7.94
81.35,7.08,-0.78,7.08,-0.78,0.80,0.41,-0.56,7.88,7.88,7.86
82.16,7.32,-0.46,7.30,-0.48,0.50,0.17,-0.68,7.82,7.80,7.78
82.98,7.53,-0.18,7.50,-0.21,0.21,-0.05,-0.80,7.74,7.71,7.71
83.81,7.65,0.02,7.70,0.07,-0.08,-0.26,-0.92,7.57,7.62,7.63
84.65,7.90,0.35,7.90,0.35,-0.37,-0.46,-1.04,7.53,7.54,7.54
85.50,8.13,0.66,8.10,0.64,-0.65,-0.65,-1.16,7.49,7.45,7.47
86.35,8.32,0.93,8.30,0.92,-0.92,-0.82,-1.29,7.39,7.38,7.39
87.22,8.45,1.15,8.49,1.19,-1.19,-0.98,-1.41,7.26,7.30,7.30
88.09,8.66,1.45,8.67,1.46,-1.46,-1.14,-1.54,7.21,7.22,7.22
88.97,8.87,1.74,8.83,1.70,-1.71,-1.29,-1.67,7.15,7.11,7.12
89.86,8.99,1.95,8.97,1.93,-1.95,-1.43,-1.80,7.04,7.02,7.04
90.76,9.03,2.08,9.09,2.14,-2.16,-1.56,-1.93,6.86,6.93,6.95
91.66,9.21,2.34,9.20,2.34,-2.34,-1.69,-2.06,6.86,6.86,6.86
92.58,9.34,2.57,9.29,2.52,-2.48,-1.81,-2.20,6.85,6.81,6.77
93.51,9.34,2.66,9.34,2.66,-2.58,-1.94,-2.33,6.75,6.76,6.68
94.44,9.29,2.68,9.30,2.71,-2.64,-2.05,-2.47,6.64,6.66,6.60
95.39,9.23,2.71,9.22,2.70,-2.66,-2.17,-2.60,6.56,6.55,6.51
96.34,9.11,2.68,9.10,2.68,-2.66,-2.28,-2.74,6.45,6.45,6.42
97.30,8.95,2.62,8.95,2.61,-2.63,-2.39,-2.88,6.33,6.32,6.34
98.28,8.80,2.55,8.80,2.55,-2.59,-2.50,-3.02,6.20,6.20,6.25
99.26,8.64,2.47,8.69,2.52,-2.57,-2.60,-3.16,6.07,6.12,6.17
100.25,8.63,2.55,8.59,2.51,-2.56,-2.71,-3.30,6.06,6.03,6.08
101.25,8.56,2.57,8.52,2.53,-2.58,-2.81,-3.44,5.98,5.94,5.99
102.27,8.42,2.51,8.49,2.59,-2.62,-2.91,-3.58,5.79,5.87,5.90
103.29,8.48,2.66,8.48,2.66,-2.68,-3.01,-3.72,5.80,5.80,5.81
104.32,8.53,2.79,8.49,2.76,-2.74,-3.11,-3.85,5.78,5.75,5.73
105.37,8.52,2.87,8.52,2.88,-2.81,-3.21,-3.99,5.71,5.71,5.64
106.42,8.49,2.93,8.49,2.94,-2.87,-3.31,-4.13,5.62,5.62,5.55
107.48,8.45,2.99,8.43,2.98,-2.93,-3.41,-4.26,5.51,5.50,5.45
108.56,8.37,3.00,8.37,3.01,-2.99,-3.50,-4.39,5.37,5.38,5.36
109.64,8.31,3.03,8.30,3.03,-3.06,-3.60,-4.52,5.24,5.24,5.28
110.74,8.26,3.08,8.26,3.07,-3.14,-3.70,-4.64,5.12,5.12,5.18
111.85,8.24,3.14,8.26,3.17,-3.23,-3.79,-4.76,5.01,5.04,5.10
112.97,8.32,3.32,8.31,3.31,-3.33,-3.89,-4.87,4.98,4.98,5.00
114.10,8.40,3.48,8.37,3.46,-3.46,-3.98,-4.98,4.94,4.92,4.91
115.24,8.45,3.62,8.45,3.63,-3.60,-4.08,-5.08,4.85,4.85,4.82
116.39,8.51,3.77,8.52,3.78,-3.75,-4.17,-5.17,4.75,4.77,4.73
117.55,8.60,3.94,8.59,3.93,-3.92,-4.26,-5.26,4.67,4.67,4.66
118.73,8.69,4.11,8.67,4.09,-4.10,-4.36,-5.34,4.59,4.57,4.58
119.92,8.75,4.23,8.76,4.26,-4.27,-4.45,-5.41,4.47,4.49,4.51
121.12,8.86,4.43,8.87,4.43,-4.45,-4.54,-5.47,4.41,4.42,4.44
122.33,8.99,4.63,8.98,4.61,-4.63,-4.63,-5.52,4.37,4.35,4.37
123.55,9.12,4.81,9.11,4.81,-4.80,-4.72,-5.56,4.31,4.31,4.30
124.79,9.21,4.97,9.23,4.99,-4.98,-4.81,-5.59,4.23,4.25,4.24
126.03,9.35,5.17,9.33,5.15,-5.14,-4.89,-5.61,4.21,4.19,4.17
127.29,9.43,5.31,9.41,5.30,-5.29,-4.98,-5.62,4.14,4.13,4.12
128.57,9.48,5.43,9.49,5.44,-5.42,-5.06,-5.63,4.05,4.06,4.04
129.85,9.53,5.54,9.53,5.55,-5.54,-5.14,-5.62,3.99,3.99,3.98
131.15,9.58,5.66,9.56,5.65,-5.64,-5.22,-5.60,3.93,3.92,3.92
132.46,9.59,5.73,9.58,5.73,-5.73,-5.30,-5.57,3.86,3.86,3.85
133.79,9.59,5.79,9.59,5.80,-5.81,-5.37,-5.54,3.78,3.79,3.79
135.12,9.60,5.86,9.59,5.86,-5.88,-5.44,-5.50,3.72,3.72,3.73
136.48,9.60,5.91,9.59,5.92,-5.94,-5.51,-5.45,3.66,3.65,3.68
137.84,9.60,5.98,9.60,5.99,-6.00,-5.58,-5.40,3.60,3.61,3.61
139.22,9.60,6.04,9.59,6.04,-6.04,-5.64,-5.34,3.55,3.55,3.55
140.61,9.60,6.10,9.57,6.08,-6.08,-5.71,-5.27,3.52,3.50,3.49
142.02,9.53,6.08,9.56,6.12,-6.10,-5.76,-5.20,3.43,3.46,3.44
143.44,9.52,6.13,9.52,6.14,-6.11,-5.81,-5.13,3.40,3.40,3.39
144.87,9.49,6.17,9.45,6.13,-6.12,-5.86,-5.05,3.36,3.32,3.32
146.32,9.35,6.09,9.36,6.10,-6.13,-5.91,-4.98,3.22,3.23,3.25
147.78,9.23,6.03,9.24,6.05,-6.11,-5.95,-4.90,3.11,3.13,3.19
149.26,9.13,6.01,9.13,6.02,-6.08,-5.99,-4.82,3.05,3.06,3.12
150.75,9.04,6.00,9.05,6.01,-6.00,-6.02,-4.74,3.04,3.05,3.03
152.26,8.93,5.99,8.92,5.98,-5.87,-6.04,-4.66,3.05,3.04,2.94
153.78,8.75,5.91,8.72,5.87,-5.71,-6.06,-4.58,3.05,3.01,2.85
155.32,8.42,5.67,8.42,5.67,-5.51,-6.08,-4.50,2.91,2.91,2.75
156.88,8.07,5.42,8.07,5.42,-5.31,-6.09,-4.43,2.75,2.76,2.65
158.44,7.65,5.11,7.66,5.12,-5.14,-6.10,-4.35,2.51,2.52,2.55
160.03,7.37,4.92,7.31,4.86,-5.02,-6.10,-4.28,2.35,2.29,2.45
161.63,7.00,4.64,7.07,4.72,-4.96,-6.09,-4.21,2.03,2.11,2.36
163.24,6.99,4.71,7.01,4.74,-4.98,-6.08,-4.14,2.00,2.03,2.28
164.88,7.13,4.92,7.12,4.91,-5.09,-6.06,-4.07,2.04,2.03,2.21
166.53,7.37,5.24,7.37,5.24,-5.25,-6.04,-4.01,2.13,2.12,2.14
168.19,7.65,5.57,7.64,5.56,-5.45,-6.01,-3.94,2.19,2.19,2.08
169.87,7.90,5.88,7.87,5.85,-5.67,-5.98,-3.88,2.22,2.20,2.02
171.57,8.03,6.04,8.02,6.04,-5.88,-5.94,-3.83,2.15,2.15,1.98
173.29,8.10,6.14,8.09,6.13,-6.04,-5.90,-3.78,2.06,2.05,1.96
175.02,8.08,6.15,8.08,6.15,-6.14,-5.85,-3.73,1.94,1.94,1.93
176.77,8.03,6.12,8.04,6.14,-6.17,-5.79,-3.68,1.86,1.87,1.90
178.54,7.98,6.10,7.99,6.10,-6.14,-5.73,-3.63,1.84,1.85,1.88
180.32,7.94,6.06,7.94,6.07,-6.07,-5.67,-3.59,1.87,1.87,1.87
182.13,7.88,6.01,7.85,5.99,-5.97,-5.60,-3.56,1.90,1.88,1.87
183.95,7.75,5.90,7.72,5.88,-5.87,-5.53,-3.52,1.88,1.86,1.84
185.79,7.54,5.71,7.57,5.75,-5.76,-5.45,-3.49,1.78,1.82,1.83
187.65,7.41,5.61,7.41,5.62,-5.64,-5.37,-3.46,1.76,1.77,1.80
189.52,7.30,5.52,7.27,5.50,-5.53,-5.29,-3.43,1.77,1.74,1.77
191.42,7.14,5.40,7.14,5.40,-5.41,-5.20,-3.41,1.72,1.73,1.74
193.33,7.01,5.30,7.02,5.31,-5.31,-5.11,-3.38,1.70,1.71,1.71
195.27,6.91,5.23,6.90,5.23,-5.22,-5.02,-3.36,1.68,1.68,1.68
197.22,6.81,5.16,6.78,5.13,-5.15,-4.92,-3.34,1.66,1.63,1.65
199.19,6.67,5.05,6.67,5.05,-5.09,-4.82,-3.33,1.58,1.58,1.61
201.18,6.54,4.95,6.58,5.00,-5.04,-4.72,-3.31,1.50,1.55,1.58
203.19,6.53,4.97,6.52,4.97,-4.98,-4.62,-3.30,1.55,1.54,1.55
205.23,6.50,4.97,6.46,4.93,-4.91,-4.51,-3.29,1.58,1.55,1.52
207.28,6.39,4.88,6.39,4.89,-4.83,-4.40,-3.28,1.55,1.55,1.50
209.35,6.25,4.77,6.28,4.81,-4.75,-4.29,-3.27,1.50,1.53,1.47
211.44,6.15,4.71,6.13,4.69,-4.65,-4.18,-3.26,1.50,1.48,1.44
213.56,6.00,4.58,5.96,4.54,-4.54,-4.07,-3.25,1.45,1.42,1.42
215.69,5.77,4.37,5.79,4.39,-4.42,-3.95,-3.24,1.34,1.36,1.40
217.85,5.59,4.20,5.62,4.24,-4.29,-3.84,-3.23,1.29,1.32,1.38
220.03,5.49,4.12,5.48,4.12,-4.15,-3.72,-3.22,1.33,1.32,1.36
222.23,5.37,4.04,5.35,4.02,-4.01,-3.60,-3.20,1.36,1.35,1.33
224.45,5.24,3.91,5.23,3.90,-3.86,-3.49,-3.19,1.38,1.37,1.33
226.70,5.07,3.74,5.08,3.76,-3.71,-3.37,-3.17,1.36,1.37,1.32
228.96,4.93,3.60,4.91,3.58,-3.57,-3.25,-3.15,1.36,1.34,1.33
231.25,4.74,3.41,4.72,3.40,-3.42,-3.13,-3.13,1.31,1.30,1.33
233.57,4.55,3.21,4.56,3.23,-3.28,-3.00,-3.11,1.27,1.28,1.33
235.90,4.40,3.06,4.43,3.09,-3.13,-2.88,-3.08,1.27,1.30,1.34
238.26,4.34,2.99,4.32,2.97,-2.98,-2.76,-3.04,1.36,1.34,1.34
240.64,4.25,2.88,4.22,2.85,-2.83,-2.64,-3.01,1.41,1.39,1.37
243.05,4.10,2.71,4.10,2.71,-2.69,-2.51,-2.97,1.41,1.41,1.39
245.48,3.95,2.54,3.96,2.55,-2.54,-2.39,-2.92,1.40,1.42,1.41
247.93,3.83,2.40,3.84,2.41,-2.40,-2.27,-2.87,1.43,1.44,1.43
250.41,3.73,2.28,3.71,2.26,-2.25,-2.14,-2.81,1.48,1.46,1.45
252.92,3.59,2.11,3.56,2.09,-2.10,-2.02,-2.75,1.49,1.46,1.47
255.45,3.40,1.91,3.41,1.93,-1.95,-1.90,-2.69,1.45,1.47,1.49
258.00,3.25,1.74,3.27,1.77,-1.80,-1.77,-2.62,1.45,1.47,1.50
260.58,3.17,1.65,3.15,1.63,-1.64,-1.65,-2.54,1.52,1.50,1.52
263.19,3.05,1.50,3.05,1.51,-1.50,-1.52,-2.46,1.55,1.55,1.54
265.82,2.94,1.38,2.94,1.38,-1.35,-1.40,-2.38,1.59,1.59,1.56
268.48,2.82,1.24,2.80,1.22,-1.21,-1.27,-2.29,1.61,1.60,1.58
271.16,2.67,1.06,2.65,1.05,-1.06,-1.15,-2.20,1.60,1.59,1.60
273.87,2.49,0.87,2.51,0.88,-0.91,-1.02,-2.10,1.57,1.59,1.62
276.61,2.36,0.71,2.39,0.75,-0.76,-0.90,-2.00,1.60,1.64,1.65
279.38,2.32,0.64,2.29,0.62,-0.59,-0.77,-1.89,1.72,1.70,1.67
282.17,2.20,0.50,2.15,0.46,-0.42,-0.65,-1.79,1.78,1.74,1.69
284.99,1.99,0.27,2.00,0.27,-0.24,-0.52,-1.67,1.75,1.75,1.73
287.84,1.77,0.02,1.83,0.08,-0.08,-0.39,-1.56,1.69,1.75,1.74
290.72,1.70,-0.08,1.68,-0.10,0.08,-0.27,-1.44,1.77,1.76,1.77
293.63,1.58,-0.22,1.53,-0.27,0.23,-0.14,-1.33,1.80,1.76,1.80
296.57,1.41,-0.42,1.40,-0.42,0.37,-0.02,-1.20,1.78,1.77,1.83
299.53,1.25,-0.61,1.30,-0.55,0.51,0.11,-1.08,1.75,1.81,1.85
302.53,1.24,-0.64,1.27,-0.61,0.63,0.24,-0.96,1.87,1.90,1.87
305.55,1.30,-0.61,1.22,-0.68,0.74,0.36,-0.83,2.03,1.96,1.91
308.61,1.20,-0.73,1.14,-0.79,0.83,0.49,-0.70,2.03,1.97,1.93
311.69,0.95,-1.01,1.03,-0.93,0.91,0.62,-0.57,1.86,1.94,1.96
314.81,0.90,-1.08,0.92,-1.06,0.99,0.75,-0.44,1.89,1.91,1.97
317.96,0.90,-1.10,0.86,-1.13,1.08,0.87,-0.31,1.97,1.94,1.99
321.14,0.85,-1.15,0.85,-1.15,1.17,1.00,-0.18,2.02,2.02,2.00
324.35,0.80,-1.22,0.79,-1.22,1.27,1.13,-0.05,2.07,2.07,2.02
327.59,0.72,-1.31,0.70,-1.33,1.37,1.25,0.09,2.09,2.07,2.03
330.87,0.59,-1.45,0.59,-1.45,1.48,1.38,0.22,2.06,2.06,2.04
334.18,0.45,-1.61,0.46,-1.59,1.59,1.51,0.36,2.03,2.05,2.05
337.52,0.34,-1.73,0.33,-1.73,1.71,1.63,0.49,2.04,2.04,2.06
340.90,0.23,-1.85,0.21,-1.86,1.84,1.76,0.63,2.07,2.05,2.07
344.30,0.09,-1.99,0.09,-1.98,1.99,1.88,0.77,2.07,2.08,2.08
347.75,-0.03,-2.11,-0.03,-2.11,2.12,2.01,0.91,2.09,2.10,2.08
351.23,-0.14,-2.23,-0.15,-2.23,2.24,2.13,1.05,2.10,2.09,2.09
354.74,-0.26,-2.34,-0.28,-2.36,2.36,2.26,1.19,2.09,2.07,2.08
358.28,-0.42,-2.51,-0.42,-2.51,2.47,2.38,1.33,2.04,2.05,2.08
361.87,-0.55,-2.64,-0.53,-2.61,2.58,2.50,1.48,2.02,2.05,2.08
365.49,-0.62,-2.72,-0.59,-2.68,2.68,2.62,1.62,2.06,2.09,2.09
369.14,-0.60,-2.69,-0.65,-2.73,2.78,2.74,1.76,2.17,2.13,2.08
372.83,-0.71,-2.79,-0.74,-2.82,2.86,2.86,1.91,2.15,2.12,2.08
376.56,-0.87,-2.94,-0.88,-2.96,2.94,2.98,2.06,2.07,2.06,2.07
380.33,-1.04,-3.12,-0.99,-3.07,3.02,3.09,2.20,1.98,2.03,2.08
384.13,-1.09,-3.17,-1.04,-3.11,3.09,3.21,2.35,2.00,2.05,2.08
387.97,-0.99,-3.06,-1.09,-3.16,3.16,3.32,2.50,2.16,2.07,2.07
391.85,-1.11,-3.17,-1.15,-3.21,3.23,3.42,2.65,2.11,2.08,2.06
395.77,-1.30,-3.37,-1.22,-3.28,3.29,3.53,2.80,1.99,2.07,2.06
399.73,-1.32,-3.38,-1.33,-3.38,3.36,3.63,2.94,2.04,2.04,2.05
403.72,-1.33,-3.39,-1.37,-3.42,3.43,3.73,3.09,2.10,2.06,2.05
407.76,-1.44,-3.48,-1.41,-3.45,3.50,3.83,3.24,2.06,2.09,2.03
411.84,-1.47,-3.51,-1.51,-3.54,3.57,3.92,3.39,2.10,2.06,2.03
415.96,-1.62,-3.66,-1.64,-3.67,3.64,4.01,3.54,2.01,2.00,2.03
420.12,-1.76,-3.80,-1.74,-3.77,3.71,4.10,3.68,1.94,1.97,2.03
424.32,-1.83,-3.86,-1.79,-3.82,3.78,4.18,3.82,1.94,1.99,2.03
428.56,-1.78,-3.82,-1.80,-3.83,3.85,4.26,3.97,2.07,2.05,2.04
432.85,-1.75,-3.80,-1.82,-3.86,3.93,4.33,4.10,2.17,2.11,2.05
437.18,-1.87,-3.93,-1.87,-3.94,3.99,4.40,4.24,2.12,2.13,2.06
441.55,-1.98,-4.08,-1.95,-4.04,4.05,4.46,4.37,2.06,2.10,2.10
445.96,-2.01,-4.14,-2.02,-4.15,4.10,4.52,4.50,2.08,2.08,2.13
450.42,-2.03,-4.19,-2.05,-4.21,4.15,4.57,4.62,2.11,2.10,2.16
454.93,-2.04,-4.25,-2.03,-4.23,4.20,4.62,4.73,2.16,2.17,2.21
459.48,-2.01,-4.26,-1.98,-4.23,4.25,4.67,4.84,2.24,2.27,2.25
464.07,-1.91,-4.21,-1.95,-4.25,4.29,4.70,4.95,2.38,2.34,2.30
468.71,-1.90,-4.26,-1.96,-4.31,4.32,4.74,5.04,2.42,2.36,2.36
473.40,-2.02,-4.42,-1.97,-4.37,4.35,4.77,5.13,2.33,2.39,2.40
478.13,-2.00,-4.46,-1.96,-4.40,4.39,4.79,5.21,2.39,2.44,2.45
482.91,-1.89,-4.39,-1.93,-4.43,4.44,4.81,5.28,2.54,2.50,2.49
487.74,-1.86,-4.40,-1.93,-4.47,4.49,4.82,5.33,2.63,2.56,2.53
492.62,-1.98,-4.57,-1.95,-4.52,4.55,4.83,5.38,2.57,2.60,2.58
497.55,-2.04,-4.65,-1.98,-4.59,4.60,4.83,5.42,2.56,2.62,2.60
502.52,-1.97,-4.61,-2.04,-4.67,4.64,4.83,5.45,2.67,2.61,2.63
507.55,-2.03,-4.68,-2.07,-4.72,4.68,4.82,5.47,2.65,2.61,2.64
512.62,-2.17,-4.83,-2.10,-4.76,4.72,4.81,5.48,2.54,2.62,2.65
517.75,-2.14,-4.81,-2.14,-4.80,4.76,4.80,5.48,2.62,2.62,2.66
522.93,-2.10,-4.76,-2.14,-4.79,4.80,4.78,5.47,2.70,2.66,2.65
528.16,-2.16,-4.79,-2.15,-4.78,4.84,4.76,5.45,2.68,2.69,2.62
533.44,-2.22,-4.82,-2.23,-4.83,4.88,4.73,5.43,2.66,2.65,2.59
538.77,-2.34,-4.91,-2.37,-4.92,4.94,4.70,5.39,2.59,2.57,2.56
544.16,-2.51,-5.03,-2.50,-5.01,5.00,4.67,5.35,2.49,2.50,2.51
549.60,-2.65,-5.12,-2.62,-5.08,5.07,4.64,5.30,2.41,2.45,2.46
555.10,-2.70,-5.11,-2.73,-5.14,5.14,4.61,5.25,2.43,2.41,2.40
560.65,-2.82,-5.18,-2.84,-5.19,5.20,4.57,5.19,2.38,2.36,2.35
566.25,-2.96,-5.27,-2.97,-5.27,5.26,4.53,5.12,2.29,2.29,2.30
571.92,-3.10,-5.34,-3.09,-5.33,5.29,4.49,5.06,2.19,2.20,2.24
577.64,-3.18,-5.36,-3.15,-5.33,5.30,4.45,4.99,2.12,2.16,2.18
583.41,-3.13,-5.27,-3.16,-5.30,5.30,4.40,4.91,2.16,2.14,2.14
589.25,-3.12,-5.23,-3.16,-5.27,5.27,4.36,4.84,2.15,2.12,2.11
595.14,-3.14,-5.23,-3.13,-5.22,5.22,4.31,4.76,2.08,2.09,2.09
601.09,-3.11,-5.19,-3.07,-5.15,5.14,4.27,4.69,2.03,2.07,2.08
607.10,-2.96,-5.04,-2.99,-5.07,5.04,4.22,4.61,2.07,2.05,2.08
613.17,-2.83,-4.93,-2.87,-4.97,4.93,4.18,4.53,2.09,2.05,2.10
619.30,-2.75,-4.88,-2.72,-4.85,4.82,4.13,4.46,2.07,2.10,2.13
625.50,-2.57,-4.74,-2.53,-4.70,4.73,4.08,4.38,2.16,2.20,2.17
631.75,-2.31,-4.53,-2.33,-4.55,4.65,4.04,4.31,2.33,2.31,2.22
638.07,-2.11,-4.38,-2.19,-4.46,4.57,3.99,4.24,2.45,2.38,2.27
644.45,-2.11,-4.43,-2.12,-4.44,4.49,3.94,4.17,2.38,2.37,2.32
650.89,-2.14,-4.52,-2.08,-4.46,4.42,3.90,4.10,2.28,2.34,2.38
657.40,-2.01,-4.44,-2.02,-4.45,4.36,3.85,4.03,2.34,2.34,2.43
663.98,-1.85,-4.34,-1.86,-4.35,4.28,3.81,3.97,2.43,2.42,2.49
670.62,-1.68,-4.21,-1.67,-4.20,4.19,3.77,3.91,2.50,2.51,2.53
677.32,-1.47,-4.04,-1.51,-4.07,4.07,3.73,3.85,2.60,2.57,2.57
684.10,-1.33,-3.93,-1.34,-3.95,3.93,3.68,3.80,2.59,2.59,2.60
690.94,-1.19,-3.83,-1.16,-3.79,3.77,3.64,3.74,2.58,2.61,2.64
697.85,-0.97,-3.63,-0.96,-3.62,3.61,3.60,3.69,2.64,2.65,2.66
704.83,-0.71,-3.38,-0.74,-3.41,3.45,3.56,3.64,2.74,2.71,2.67
711.87,-0.54,-3.21,-0.56,-3.22,3.29,3.53,3.60,2.74,2.73,2.67
718.99,-0.41,-3.07,-0.44,-3.10,3.12,3.49,3.56,2.71,2.68,2.66
726.18,-0.39,-3.03,-0.37,-3.01,2.96,3.45,3.52,2.56,2.59,2.64
733.44,-0.31,-2.93,-0.29,-2.91,2.82,3.42,3.48,2.51,2.53,2.62
740.78,-0.17,-2.77,-0.15,-2.75,2.71,3.39,3.45,2.54,2.56,2.60
748.19,-0.00,-2.57,0.02,-2.55,2.63,3.35,3.42,2.62,2.64,2.57
755.67,0.19,-2.34,0.12,-2.41,2.56,3.32,3.39,2.74,2.68,2.53
763.23,0.15,-2.35,0.09,-2.41,2.50,3.29,3.37,2.64,2.59,2.50
770.86,-0.02,-2.50,0.02,-2.46,2.44,3.26,3.34,2.42,2.46,2.48
778.57,-0.13,-2.60,-0.04,-2.51,2.39,3.24,3.32,2.26,2.35,2.47
786.35,0.02,-2.44,-0.02,-2.48,2.36,3.21,3.31,2.38,2.34,2.46
794.22,0.09,-2.35,0.04,-2.40,2.35,3.18,3.29,2.43,2.39,2.44
802.16,0.11,-2.33,0.12,-2.31,2.35,3.16,3.28,2.45,2.47,2.44
810.18,0.13,-2.31,0.17,-2.27,2.35,3.14,3.27,2.47,2.51,2.44
818.28,0.22,-2.23,0.17,-2.27,2.35,3.12,3.26,2.56,2.52,2.45
826.46,0.19,-2.27,0.15,-2.31,2.35,3.09,3.25,2.54,2.50,2.46
834.73,0.06,-2.41,0.10,-2.38,2.38,3.08,3.24,2.43,2.47,2.47
843.08,0.02,-2.48,0.03,-2.46,2.41,3.06,3.24,2.43,2.45,2.50
851.51,0.02,-2.50,0.00,-2.52,2.46,3.04,3.23,2.48,2.46,2.52
860.02,0.01,-2.54,0.01,-2.54,2.51,3.02,3.23,2.52,2.52,2.55
868.62,0.01,-2.55,0.00,-2.56,2.56,3.01,3.22,2.57,2.56,2.56
877.31,-0.00,-2.59,-0.01,-2.60,2.61,2.99,3.22,2.60,2.60,2.59
886.08,-0.01,-2.63,-0.01,-2.62,2.65,2.98,3.22,2.63,2.63,2.62
894.94,-0.02,-2.66,-0.02,-2.65,2.67,2.97,3.22,2.65,2.66,2.64
903.89,-0.02,-2.67,-0.04,-2.69,2.69,2.96,3.22,2.67,2.66,2.65
912.93,-0.04,-2.71,-0.07,-2.74,2.72,2.95,3.21,2.67,2.65,2.67
922.06,-0.12,-2.82,-0.09,-2.78,2.74,2.94,3.21,2.62,2.66,2.70
931.28,-0.09,-2.80,-0.08,-2.79,2.77,2.93,3.20,2.67,2.68,2.71
940.59,-0.03,-2.76,-0.04,-2.77,2.79,2.92,3.20,2.75,2.74,2.73
950.00,-0.00,-2.75,-0.00,-2.75,2.80,2.92,3.19,2.79,2.79,2.75
959.50,0.03,-2.73,-0.02,-2.78,2.81,2.91,3.18,2.84,2.79,2.76
969.09,-0.07,-2.85,-0.06,-2.83,2.83,2.91,3.17,2.75,2.76,2.78
978.78,-0.12,-2.90,-0.09,-2.86,2.84,2.90,3.16,2.72,2.76,2.78
988.57,-0.08,-2.85,-0.06,-2.84,2.85,2.90,3.15,2.76,2.78,2.77
998.46,-0.00,-2.78,-0.04,-2.81,2.83,2.90,3.13,2.83,2.79,2.78
1008.44,0.03,-2.75,-0.05,-2.82,2.80,2.90,3.11,2.82,2.75,2.78
1018.53,-0.11,-2.89,-0.07,-2.84,2.76,2.90,3.09,2.64,2.69,2.78
1028.71,-0.09,-2.87,-0.02,-2.80,2.71,2.90,3.07,2.61,2.68,2.78
1039.00,0.10,-2.69,0.10,-2.68,2.67,2.90,3.05,2.76,2.76,2.79
1049.39,0.31,-2.48,0.25,-2.54,2.64,2.90,3.03,2.94,2.89,2.79
1059.88,0.37,-2.43,0.33,-2.47,2.62,2.90,3.00,2.99,2.95,2.80
1070.48,0.29,-2.53,0.30,-2.52,2.61,2.90,2.97,2.89,2.90,2.82
1081.19,0.22,-2.62,0.22,-2.62,2.60,2.91,2.94,2.81,2.81,2.84
1092.00,0.14,-2.73,0.18,-2.68,2.59,2.91,2.91,2.73,2.78,2.87
1102.92,0.20,-2.70,0.20,-2.70,2.60,2.92,2.88,2.80,2.80,2.90
1113.95,0.29,-2.64,0.23,-2.70,2.62,2.92,2.84,2.91,2.85,2.93
1125.09,0.28,-2.70,0.31,-2.66,2.66,2.93,2.81,2.93,2.97,2.98
1136.34,0.35,-2.68,0.39,-2.64,2.70,2.93,2.78,3.04,3.09,3.03
1147.70,0.51,-2.59,0.44,-2.65,2.74,2.94,2.74,3.24,3.17,3.10
1159.18,0.47,-2.68,0.45,-2.70,2.79,2.95,2.71,3.25,3.23,3.15
1170.77,0.37,-2.84,0.39,-2.82,2.86,2.96,2.67,3.22,3.25,3.21
1182.48,0.30,-2.98,0.30,-2.97,2.95,2.97,2.64,3.24,3.25,3.28
1194.30,0.25,-3.09,0.25,-3.09,3.04,2.97,2.61,3.28,3.29,3.34
1206.25,0.22,-3.17,0.21,-3.18,3.14,2.98,2.57,3.35,3.35,3.39
1218.31,0.20,-3.26,0.19,-3.26,3.22,2.99,2.54,3.42,3.41,3.46
1230.49,0.19,-3.33,0.20,-3.32,3.30,3.00,2.51,3.48,3.49,3.52
1242.80,0.22,-3.36,0.22,-3.36,3.35,3.01,2.48,3.57,3.57,3.58
1255.22,0.28,-3.37,0.26,-3.39,3.39,3.02,2.45,3.67,3.65,3.65
1267.78,0.31,-3.41,0.30,-3.41,3.43,3.03,2.42,3.74,3.73,3.72
1280.45,0.33,-3.46,0.34,-3.44,3.47,3.04,2.39,3.80,3.81,3.79
1293.26,0.39,-3.46,0.37,-3.47,3.51,3.05,2.37,3.89,3.88,3.85
1306.19,0.41,-3.50,0.39,-3.52,3.54,3.06,2.34,3.95,3.94,3.91
1319.25,0.40,-3.57,0.40,-3.57,3.57,3.08,2.32,3.97,3.97,3.97
1332.45,0.40,-3.63,0.40,-3.63,3.59,3.09,2.30,3.99,3.99,4.03
1345.77,0.42,-3.66,0.43,-3.64,3.60,3.10,2.28,4.01,4.03,4.08
1359.23,0.50,-3.63,0.50,-3.63,3.59,3.11,2.26,4.09,4.09,4.13
1372.82,0.61,-3.58,0.58,-3.60,3.58,3.12,2.25,4.19,4.17,4.19
1386.55,0.68,-3.56,0.69,-3.55,3.55,3.13,2.23,4.23,4.24,4.24
1400.41,0.79,-3.50,0.79,-3.49,3.52,3.14,2.22,4.31,4.31,4.29
1414.42,0.90,-3.44,0.88,-3.46,3.48,3.15,2.21,4.38,4.36,4.34
1428.56,0.98,-3.42,0.96,-3.44,3.45,3.16,2.20,4.42,4.41,4.40
1442.85,1.01,-3.45,1.03,-3.42,3.42,3.17,2.19,4.43,4.46,4.46
1457.28,1.10,-3.41,1.10,-3.41,3.41,3.18,2.19,4.51,4.51,4.51
1471.85,1.19,-3.38,1.16,-3.40,3.41,3.19,2.18,4.60,4.58,4.57
1486.57,1.23,-3.39,1.22,-3.40,3.42,3.20,2.18,4.65,4.65,4.62
1501.43,1.26,-3.43,1.26,-3.42,3.44,3.21,2.18,4.69,4.70,4.69
1516.45,1.31,-3.46,1.31,-3.45,3.45,3.21,2.18,4.75,4.76,4.77
1531.61,1.38,-3.47,1.37,-3.48,3.46,3.22,2.18,4.83,4.83,4.85
1546.93,1.46,-3.48,1.44,-3.50,3.46,3.22,2.19,4.91,4.90,4.94
1562.40,1.52,-3.51,1.53,-3.49,3.46,3.23,2.19,4.98,4.99,5.03
1578.02,1.62,-3.49,1.64,-3.47,3.46,3.23,2.20,5.07,5.10,5.11
1593.80,1.78,-3.41,1.76,-3.43,3.45,3.24,2.21,5.23,5.21,5.19
1609.74,1.90,-3.38,1.87,-3.41,3.44,3.24,2.21,5.34,5.32,5.28
1625.84,1.97,-3.41,1.97,-3.40,3.44,3.24,2.22,5.40,5.41,5.38
1642.10,2.04,-3.43,2.06,-3.41,3.43,3.24,2.23,5.46,5.48,5.47
1658.52,2.16,-3.41,2.15,-3.42,3.41,3.24,2.25,5.56,5.56,5.57
1675.10,2.27,-3.39,2.24,-3.41,3.39,3.24,2.26,5.65,5.63,5.66
1691.85,2.34,-3.41,2.34,-3.41,3.36,3.23,2.27,5.70,5.70,5.75
1708.77,2.45,-3.40,2.47,-3.38,3.33,3.23,2.28,5.78,5.80,5.85
1725.86,2.62,-3.33,2.64,-3.31,3.30,3.22,2.29,5.92,5.94,5.95
1743.12,2.85,-3.20,2.82,-3.23,3.27,3.21,2.30,6.11,6.08,6.05
1760.55,3.00,-3.15,2.97,-3.17,3.23,3.20,2.31,6.23,6.20,6.15
1778.15,3.08,-3.17,3.09,-3.15,3.20,3.19,2.32,6.27,6.28,6.25
1795.94,3.17,-3.16,3.18,-3.16,3.16,3.18,2.33,6.33,6.34,6.33
1813.90,3.28,-3.15,3.27,-3.15,3.13,3.16,2.34,6.40,6.40,6.43
1832.03,3.39,-3.13,3.39,-3.13,3.10,3.14,2.34,6.48,6.48,6.52
1850.36,3.52,-3.10,3.51,-3.10,3.07,3.12,2.35,6.59,6.58,6.62
1868.86,3.64,-3.07,3.64,-3.06,3.05,3.10,2.35,6.68,6.69,6.71
1887.55,3.79,-3.01,3.79,-3.01,3.02,3.07,2.35,6.81,6.81,6.80
1906.42,3.94,-2.95,3.93,-2.96,3.00,3.04,2.35,6.93,6.93,6.89
1925.49,4.07,-2.93,4.07,-2.93,2.98,3.01,2.34,7.04,7.04,7.00
1944.74,4.20,-2.90,4.19,-2.91,2.95,2.97,2.33,7.15,7.14,7.10
1964.19,4.31,-2.91,4.30,-2.92,2.92,2.93,2.32,7.23,7.22,7.22
1983.83,4.42,-2.90,4.41,-2.91,2.88,2.89,2.31,7.29,7.29,7.32
2003.67,4.53,-2.92,4.55,-2.89,2.83,2.84,2.29,7.35,7.38,7.45
2023.71,4.74,-2.81,4.74,-2.81,2.76,2.79,2.27,7.49,7.50,7.55
2043.94,4.98,-2.69,4.97,-2.70,2.67,2.74,2.25,7.64,7.63,7.67
2064.38,5.23,-2.55,5.22,-2.56,2.56,2.68,2.23,7.79,7.78,7.78
2085.03,5.46,-2.43,5.46,-2.42,2.45,2.62,2.20,7.90,7.91,7.89
2105.88,5.71,-2.29,5.70,-2.30,2.32,2.55,2.17,8.03,8.02,8.00
2126.94,5.94,-2.17,5.93,-2.18,2.20,2.48,2.13,8.14,8.14,8.11
2148.20,6.15,-2.07,6.18,-2.04,2.09,2.40,2.10,8.23,8.27,8.22
2169.69,6.41,-1.92,6.37,-1.95,1.98,2.31,2.06,8.38,8.35,8.33
2191.38,6.62,-1.81,6.56,-1.86,1.86,2.23,2.02,8.48,8.43,8.43
2213.30,6.66,-1.86,6.76,-1.77,1.74,2.13,1.98,8.40,8.50,8.52
2235.43,6.99,-1.63,6.94,-1.68,1.61,2.03,1.93,8.59,8.55,8.62
2257.78,7.19,-1.52,7.16,-1.54,1.47,1.92,1.89,8.66,8.63,8.71
2280.36,7.39,-1.39,7.44,-1.34,1.33,1.81,1.84,8.72,8.77,8.78
2303.17,7.71,-1.15,7.69,-1.17,1.19,1.69,1.79,8.90,8.88,8.86
2326.20,7.96,-0.97,7.94,-0.99,1.05,1.57,1.74,9.00,8.99,8.93
2349.46,8.16,-0.84,8.15,-0.84,0.91,1.43,1.69,9.07,9.06,9.00
2372.95,8.32,-0.72,8.30,-0.74,0.78,1.29,1.64,9.09,9.08,9.04
2396.68,8.43,-0.66,8.43,-0.66,0.65,1.15,1.59,9.07,9.08,9.09
2420.65,8.57,-0.57,8.57,-0.56,0.52,1.00,1.54,9.08,9.09,9.14
2444.86,8.74,-0.46,8.76,-0.44,0.39,0.84,1.49,9.13,9.15,9.20
2469.31,9.00,-0.27,8.98,-0.30,0.26,0.67,1.44,9.26,9.24,9.27
2494.00,9.24,-0.13,9.23,-0.14,0.12,0.50,1.39,9.36,9.35,9.37
2518.94,9.49,0.02,9.50,0.04,-0.03,0.32,1.33,9.46,9.47,9.47
2544.13,9.78,0.21,9.78,0.21,-0.19,0.14,1.28,9.58,9.59,9.57
2569.57,10.09,0.40,10.06,0.37,-0.36,-0.04,1.23,9.73,9.70,9.69
2595.27,10.34,0.51,10.35,0.52,-0.52,-0.23,1.18,9.81,9.83,9.83
2621.22,10.63,0.66,10.64,0.68,-0.68,-0.42,1.13,9.95,9.96,9.97
2647.43,10.95,0.84,10.94,0.83,-0.83,-0.61,1.08,10.11,10.11,10.11
2673.90,11.26,1.00,11.23,0.98,-0.98,-0.80,1.04,10.28,10.25,10.26
2700.64,11.51,1.11,11.50,1.11,-1.11,-0.98,0.99,10.39,10.39,10.40
2727.65,11.75,1.20,11.77,1.23,-1.23,-1.16,0.94,10.51,10.54,10.55
2754.93,12.04,1.35,12.04,1.35,-1.34,-1.34,0.89,10.70,10.70,10.69
2782.48,12.33,1.49,12.30,1.46,-1.43,-1.50,0.85,10.89,10.87,10.84
2810.30,12.54,1.55,12.54,1.55,-1.52,-1.65,0.80,11.02,11.02,10.99
2838.40,12.74,1.60,12.74,1.60,-1.60,-1.78,0.76,11.14,11.14,11.14
2866.79,12.94,1.65,12.93,1.64,-1.67,-1.90,0.71,11.26,11.25,11.29
2895.46,13.12,1.67,13.14,1.69,-1.74,-2.00,0.67,11.37,11.40,11.45
2924.41,13.39,1.77,13.39,1.78,-1.81,-2.08,0.63,11.58,11.58,11.62
2953.65,13.66,1.87,13.64,1.86,-1.86,-2.13,0.59,11.79,11.78,11.79
2983.19,13.92,1.95,13.90,1.93,-1.91,-2.17,0.54,12.01,11.99,11.97
3013.02,14.11,1.96,14.13,1.98,-1.94,-2.18,0.50,12.16,12.18,12.15
3043.15,14.34,2.00,14.33,2.00,-1.97,-2.17,0.46,12.36,12.36,12.34
3073.58,14.53,2.01,14.50,1.98,-1.98,-2.14,0.42,12.54,12.52,12.52
3104.32,14.66,1.95,14.67,1.96,-1.97,-2.09,0.38,12.68,12.70,12.71
3135.36,14.79,1.90,14.81,1.92,-1.94,-2.03,0.35,12.85,12.87,12.89
3166.72,14.95,1.89,14.92,1.87,-1.88,-1.95,0.31,13.07,13.04,13.06
3198.38,15.01,1.82,15.01,1.81,-1.79,-1.86,0.27,13.21,13.21,13.19
3230.37,15.04,1.72,15.05,1.73,-1.69,-1.76,0.23,13.35,13.36,13.32
3262.67,15.05,1.62,15.04,1.61,-1.56,-1.66,0.19,13.48,13.47,13.43
3295.30,15.00,1.47,14.99,1.46,-1.43,-1.55,0.16,13.56,13.55,13.53
3328.25,14.92,1.31,14.91,1.30,-1.30,-1.43,0.12,13.61,13.61,13.61
3361.53,14.79,1.12,14.81,1.14,-1.17,-1.32,0.09,13.61,13.63,13.67
3395.15,14.72,1.00,14.70,0.98,-1.05,-1.21,0.05,13.66,13.65,13.72
3429.10,14.63,0.88,14.63,0.89,-0.95,-1.10,0.01,13.68,13.69,13.75
3463.39,14.56,0.80,14.60,0.84,-0.86,-0.99,-0.02,13.69,13.74,13.76
3498.03,14.60,0.84,14.56,0.80,-0.81,-0.89,-0.06,13.79,13.75,13.76
3533.01,14.54,0.79,14.49,0.75,-0.77,-0.79,-0.09,13.76,13.72,13.75
3568.34,14.37,0.67,14.41,0.72,-0.74,-0.70,-0.12,13.63,13.68,13.70
3604.02,14.28,0.67,14.30,0.69,-0.69,-0.61,-0.16,13.58,13.61,13.61
3640.06,14.21,0.70,14.17,0.66,-0.62,-0.53,-0.19,13.59,13.55,13.51
3676.46,14.02,0.62,14.01,0.62,-0.51,-0.46,-0.23,13.50,13.50,13.40
3713.22,13.77,0.51,13.77,0.51,-0.38,-0.39,-0.26,13.38,13.39,13.26
3750.36,13.46,0.34,13.43,0.31,-0.25,-0.33,-0.30,13.21,13.18,13.12
3787.86,13.05,0.10,13.03,0.08,-0.10,-0.28,-0.33,12.94,12.92,12.95
3825.74,12.59,-0.17,12.63,-0.13,0.03,-0.23,-0.36,12.62,12.66,12.76
3864.00,12.26,-0.30,12.28,-0.28,0.16,-0.19,-0.40,12.42,12.44,12.56
3902.64,12.03,-0.32,12.02,-0.33,0.27,-0.16,-0.43,12.29,12.28,12.35
3941.66,11.82,-0.33,11.81,-0.34,0.33,-0.13,-0.47,12.15,12.14,12.15
3981.08,11.63,-0.31,11.60,-0.34,0.35,-0.11,-0.50,11.97,11.95,11.94
4020.89,11.39,-0.34,11.40,-0.32,0.32,-0.09,-0.54,11.70,11.72,11.73
4061.10,11.21,-0.31,11.22,-0.30,0.27,-0.08,-0.57,11.47,11.48,11.52
4101.71,11.09,-0.23,11.08,-0.25,0.21,-0.07,-0.61,11.29,11.28,11.32
4142.73,10.97,-0.18,10.99,-0.15,0.16,-0.07,-0.64,11.12,11.15,11.15
4184.15,10.91,-0.06,10.90,-0.07,0.13,-0.08,-0.68,11.03,11.03,10.97
4226.00,10.81,0.01,10.76,-0.04,0.12,-0.09,-0.71,10.93,10.88,10.80
4268.26,10.56,-0.07,10.56,-0.06,0.13,-0.10,-0.75,10.69,10.69,10.63
4310.94,10.28,-0.15,10.29,-0.14,0.17,-0.12,-0.79,10.45,10.46,10.43
4354.05,9.99,-0.24,9.98,-0.25,0.23,-0.14,-0.82,10.22,10.22,10.23
4397.59,9.69,-0.34,9.68,-0.34,0.32,-0.17,-0.86,10.00,10.00,10.03
4441.56,9.38,-0.44,9.39,-0.43,0.41,-0.20,-0.90,9.78,9.79,9.82
4485.98,9.10,-0.51,9.08,-0.52,0.50,-0.23,-0.94,9.60,9.58,9.61
4530.84,8.80,-0.60,8.80,-0.60,0.58,-0.27,-0.98,9.38,9.38,9.40
4576.15,8.51,-0.67,8.52,-0.67,0.65,-0.31,-1.02,9.15,9.16,9.18
4621.91,8.27,-0.71,8.25,-0.72,0.69,-0.36,-1.07,8.96,8.95,8.98
4668.13,7.99,-0.76,8.01,-0.73,0.73,-0.40,-1.11,8.72,8.75,8.75
4714.81,7.78,-0.72,7.75,-0.75,0.76,-0.45,-1.15,8.54,8.51,8.50
4761.96,7.49,-0.74,7.45,-0.77,0.79,-0.50,-1.20,8.27,8.24,8.23
4809.58,7.12,-0.81,7.16,-0.77,0.80,-0.56,-1.24,7.92,7.96,7.93
4857.67,6.82,-0.81,6.84,-0.78,0.81,-0.62,-1.29,7.63,7.65,7.63
4906.25,6.58,-0.73,6.51,-0.79,0.82,-0.68,-1.34,7.39,7.33,7.31
4955.31,6.19,-0.79,6.19,-0.79,0.82,-0.74,-1.39,7.00,7.01,6.98
5004.87,5.85,-0.82,5.88,-0.78,0.80,-0.80,-1.44,6.64,6.68,6.67
5054.91,5.62,-0.74,5.62,-0.74,0.74,-0.87,-1.50,6.35,6.36,6.36
5105.46,5.44,-0.62,5.42,-0.63,0.62,-0.94,-1.55,6.06,6.04,6.06
5156.52,5.31,-0.46,5.27,-0.49,0.44,-1.01,-1.61,5.75,5.71,5.77
5208.08,5.15,-0.33,5.17,-0.31,0.20,-1.08,-1.67,5.34,5.37,5.48
5260.16,5.15,-0.05,5.17,-0.03,-0.10,-1.15,-1.73,5.05,5.07,5.20
5312.77,5.28,0.35,5.31,0.38,-0.44,-1.22,-1.80,4.83,4.87,4.93
5365.89,5.58,0.89,5.57,0.88,-0.82,-1.30,-1.86,4.75,4.74,4.69
5419.55,5.88,1.42,5.83,1.36,-1.24,-1.37,-1.93,4.63,4.59,4.46
5473.75,6.10,1.82,6.07,1.79,-1.70,-1.45,-2.00,4.39,4.37,4.28
5528.49,6.27,2.14,6.32,2.20,-2.21,-1.53,-2.07,4.06,4.12,4.13
5583.77,6.58,2.58,6.57,2.56,-2.72,-1.61,-2.14,3.86,3.85,4.00
5639.61,6.97,3.05,6.91,2.99,-3.20,-1.69,-2.22,3.76,3.71,3.92
5696.00,7.25,3.41,7.36,3.52,-3.63,-1.77,-2.30,3.62,3.74,3.84
5752.96,7.84,4.05,7.85,4.06,-3.98,-1.86,-2.38,3.85,3.87,3.79
5810.49,8.36,4.62,8.25,4.50,-4.26,-1.94,-2.47,4.10,3.99,3.74
5868.60,8.56,4.85,8.47,4.74,-4.45,-2.02,-2.56,4.11,4.02,3.71
5927.28,8.42,4.74,8.40,4.70,-4.54,-2.11,-2.65,3.87,3.85,3.68
5986.56,8.19,4.53,8.21,4.53,-4.53,-2.19,-2.74,3.66,3.68,3.66
6046.42,7.95,4.33,7.99,4.34,-4.41,-2.28,-2.84,3.54,3.58,3.62
6106.89,7.88,4.31,7.74,4.13,-4.19,-2.36,-2.94,3.68,3.55,3.57
6167.96,7.53,4.00,7.47,3.89,-3.92,-2.45,-3.04,3.60,3.55,3.53
6229.64,7.16,3.68,7.18,3.63,-3.63,-2.54,-3.14,3.52,3.55,3.48
6291.93,6.90,3.47,6.86,3.34,-3.36,-2.62,-3.25,3.54,3.50,3.43
6354.85,6.62,3.24,6.56,3.07,-3.11,-2.71,-3.36,3.50,3.45,3.38
6418.40,6.30,2.98,6.32,2.84,-2.89,-2.80,-3.48,3.41,3.43,3.32
6482.58,6.02,2.74,6.12,2.66,-2.69,-2.88,-3.59,3.33,3.43,3.28
6547.41,5.90,2.69,5.97,2.51,-2.53,-2.97,-3.71,3.37,3.44,3.21
6612.88,5.76,2.61,5.86,2.40,-2.40,-3.06,-3.83,3.35,3.46,3.15
6679.01,5.53,2.43,5.81,2.33,-2.33,-3.15,-3.95,3.20,3.48,3.10
6745.80,5.42,2.38,5.79,2.28,-2.30,-3.23,-4.08,3.12,3.49,3.04
6813.26,5.38,2.41,5.82,2.28,-2.31,-3.32,-4.20,3.07,3.51,2.97
6881.39,5.32,2.44,5.90,2.33,-2.35,-3.41,-4.32,2.96,3.55,2.88
6950.21,5.26,2.48,6.02,2.42,-2.43,-3.49,-4.45,2.83,3.59,2.78
7019.71,5.26,2.59,6.17,2.54,-2.54,-3.58,-4.57,2.72,3.63,2.67
7089.91,5.31,2.75,6.33,2.68,-2.67,-3.66,-4.69,2.64,3.66,2.56
7160.81,5.30,2.88,6.51,2.84,-2.82,-3.74,-4.81,2.47,3.69,2.42
7232.41,5.30,3.02,6.69,3.00,-3.00,-3.83,-4.93,2.30,3.69,2.28
7304.74,5.35,3.22,6.86,3.17,-3.18,-3.91,-5.03,2.17,3.68,2.13
7377.79,5.32,3.34,7.03,3.35,-3.36,-3.99,-5.14,1.96,3.67,1.98
7451.56,5.29,3.45,7.20,3.54,-3.54,-4.07,-5.24,1.74,3.66,1.84
7526.08,5.24,3.53,7.36,3.72,-3.72,-4.15,-5.32,1.52,3.64,1.71
7601.34,5.24,3.62,7.50,3.90,-3.88,-4.23,-5.40,1.35,3.62,1.62
7677.35,5.39,3.81,7.62,4.05,-4.03,-4.31,-5.47,1.35,3.59,1.58
7754.13,5.46,3.87,7.72,4.19,-4.17,-4.39,-5.53,1.29,3.55,1.59
7831.67,5.61,3.96,7.78,4.30,-4.28,-4.46,-5.57,1.33,3.50,1.65
7909.98,5.93,4.17,7.82,4.39,-4.37,-4.54,-5.60,1.56,3.45,1.76
7989.08,6.23,4.31,7.83,4.46,-4.44,-4.61,-5.62,1.78,3.39,1.92
8068.98,6.48,4.35,7.82,4.51,-4.50,-4.68,-5.63,1.97,3.32,2.13
8149.67,6.82,4.43,7.80,4.55,-4.55,-4.75,-5.61,2.27,3.25,2.39
8231.16,7.25,4.56,7.77,4.59,-4.59,-4.82,-5.59,2.65,3.18,2.69
8313.47,7.76,4.71,7.75,4.63,-4.64,-4.89,-5.55,3.11,3.11,3.05
8396.61,8.13,4.68,7.72,4.68,-4.69,-4.95,-5.50,3.43,3.03,3.45
8480.57,8.25,4.36,7.71,4.74,-4.75,-5.01,-5.43,3.49,2.96,3.89
8565.38,8.24,3.89,7.70,4.81,-4.82,-5.08,-5.36,3.41,2.87,4.35
8651.03,8.15,3.29,7.69,4.89,-4.90,-5.13,-5.27,3.24,2.79,4.86
8737.54,7.72,2.30,7.70,4.99,-4.99,-5.19,-5.18,2.72,2.70,5.42
8824.92,7.70,1.70,7.70,5.09,-5.09,-5.25,-5.07,2.61,2.61,6.00
8913.17,7.69,1.11,7.70,5.19,-5.19,-5.30,-4.96,2.50,2.51,6.58
9002.30,7.64,0.48,7.70,5.30,-5.29,-5.35,-4.85,2.35,2.41,7.16
9092.32,7.89,0.24,7.68,5.39,-5.38,-5.40,-4.73,2.50,2.30,7.65
9183.25,8.19,0.16,7.65,5.48,-5.48,-5.44,-4.61,2.71,2.18,8.03
9275.08,8.70,0.41,7.62,5.56,-5.57,-5.48,-4.48,3.13,2.05,8.29
9367.83,8.74,0.33,7.59,5.64,-5.64,-5.52,-4.36,3.09,1.94,8.41
9461.51,8.66,0.28,7.54,5.71,-5.71,-5.56,-4.24,2.95,1.84,8.38
9556.12,8.35,0.15,7.47,5.76,-5.75,-5.59,-4.11,2.59,1.72,8.20
9651.68,8.05,0.21,7.40,5.80,-5.79,-5.62,-3.99,2.26,1.61,7.84
9748.20,7.98,0.64,7.31,5.83,-5.81,-5.65,-3.87,2.17,1.50,7.34
9845.68,8.00,1.31,7.19,5.84,-5.82,-5.68,-3.76,2.18,1.38,6.69
9944.14,8.34,2.40,7.05,5.82,-5.82,-5.70,-3.64,2.52,1.23,5.94
10043.58,9.12,4.01,6.89,5.78,-5.81,-5.72,-3.53,3.30,1.07,5.11
10144.02,9.57,5.36,6.76,5.78,-5.80,-5.73,-3.43,3.76,0.95,4.21
10245.46,9.77,6.48,6.62,5.78,-5.79,-5.75,-3.33,3.98,0.83,3.29
10347.91,9.64,7.25,6.48,5.77,-5.78,-5.75,-3.23,3.86,0.70,2.39
10451.39,9.23,7.68,6.33,5.77,-5.76,-5.76,-3.14,3.46,0.57,1.55
10555.91,9.11,8.31,6.18,5.76,-5.75,-5.76,-3.05,3.35,0.43,0.80
10661.46,9.03,8.87,6.02,5.75,-5.74,-5.76,-2.97,3.28,0.28,0.16
10768.08,8.91,9.25,5.86,5.73,-5.73,-5.75,-2.89,3.17,0.13,-0.34
10875.76,8.76,9.45,5.70,5.72,-5.72,-5.75,-2.82,3.04,-0.02,-0.69
10984.52,8.68,9.63,5.52,5.70,-5.70,-5.73,-2.75,2.98,-0.17,-0.95
11094.36,8.52,9.62,5.35,5.67,-5.67,-5.72,-2.69,2.84,-0.33,-1.10
11205.31,7.96,9.14,5.16,5.65,-5.65,-5.70,-2.63,2.31,-0.48,-1.18
11317.36,7.66,8.92,4.98,5.62,-5.62,-5.68,-2.58,2.03,-0.64,-1.26
11430.53,7.36,8.72,4.78,5.59,-5.59,-5.65,-2.53,1.76,-0.81,-1.36
11544.84,6.96,8.44,4.59,5.56,-5.56,-5.62,-2.49,1.40,-0.97,-1.48
11660.29,6.80,8.44,4.38,5.52,-5.52,-5.59,-2.45,1.27,-1.14,-1.64
11776.89,6.55,8.39,4.17,5.48,-5.48,-5.55,-2.42,1.06,-1.31,-1.84
11894.66,6.55,8.62,3.96,5.44,-5.44,-5.51,-2.40,1.10,-1.48,-2.07
12013.60,6.55,8.93,3.74,5.40,-5.40,-5.46,-2.38,1.14,-1.66,-2.38
12133.74,6.46,9.23,3.52,5.35,-5.35,-5.42,-2.37,1.10,-1.84,-2.77
12255.08,6.43,9.68,3.29,5.31,-5.31,-5.36,-2.36,1.12,-2.02,-3.25
12377.63,6.35,10.13,3.06,5.26,-5.26,-5.31,-2.36,1.09,-2.20,-3.78
12501.41,6.25,10.61,2.82,5.20,-5.20,-5.25,-2.36,1.04,-2.38,-4.36
12626.42,6.06,11.03,2.57,5.15,-5.15,-5.19,-2.38,0.91,-2.57,-4.97
12752.68,5.66,11.22,2.32,5.09,-5.09,-5.13,-2.40,0.57,-2.76,-5.56
12880.21,5.20,11.32,2.07,5.02,-5.02,-5.06,-2.43,0.17,-2.96,-6.12
13009.01,4.79,11.43,1.81,4.96,-4.96,-4.99,-2.46,-0.18,-3.15,-6.64
13139.10,4.18,11.27,1.55,4.89,-4.89,-4.91,-2.51,-0.72,-3.35,-7.09
13270.49,3.39,10.82,1.28,4.82,-4.82,-4.84,-2.56,-1.44,-3.55,-7.43
13403.20,2.47,10.11,1.00,4.75,-4.75,-4.76,-2.62,-2.29,-3.75,-7.64
13537.23,1.57,9.34,0.72,4.68,-4.68,-4.67,-2.70,-3.11,-3.96,-7.77
13672.60,-0.24,7.56,0.43,4.60,-4.60,-4.59,-2.78,-4.85,-4.17,-7.80
13809.33,-1.63,6.13,0.14,4.52,-4.52,-4.50,-2.88,-6.16,-4.38,-7.76
13947.42,-3.20,4.44,-0.15,4.44,-4.44,-4.41,-2.99,-7.64,-4.59,-7.64
14086.90,-4.51,2.95,-0.45,4.35,-4.35,-4.32,-3.11,-8.87,-4.81,-7.46
14227.77,-5.43,1.82,-0.76,4.27,-4.27,-4.22,-3.25,-9.70,-5.02,-7.25
14370.04,-6.09,0.98,-1.07,4.18,-4.18,-4.12,-3.39,-10.27,-5.25,-7.07
14513.74,-6.92,0.03,-1.39,4.08,-4.08,-4.02,-3.56,-11.01,-5.47,-6.95
14658.88,-8.38,-1.50,-1.71,3.99,-3.99,-3.92,-3.73,-12.37,-5.70,-6.88
14805.47,-9.45,-2.55,-2.03,3.89,-3.89,-3.81,-3.91,-13.34,-5.92,-6.90
14953.52,-10.15,-3.17,-2.37,3.79,-3.79,-3.71,-4.11,-13.94,-6.16,-6.98
15103.06,-10.06,-2.89,-2.70,3.69,-3.69,-3.60,-4.30,-13.75,-6.39,-7.17
15254.09,-9.21,-1.78,-3.05,3.58,-3.58,-3.49,-4.49,-12.79,-6.63,-7.43
15406.63,-7.85,-0.13,-3.39,3.47,-3.47,-3.37,-4.67,-11.33,-6.86,-7.72
15560.70,-6.64,1.42,-3.75,3.36,-3.36,-3.26,-4.82,-10.00,-7.11,-8.06
15716.30,-5.28,3.13,-4.10,3.25,-3.25,-3.15,-4.94,-8.53,-7.35,-8.41
15873.47,-3.96,4.80,-4.47,3.13,-3.13,-3.03,-5.00,-7.09,-7.60,-8.76
16032.20,-3.00,6.13,-4.83,3.01,-3.01,-2.91,-5.01,-6.02,-7.84,-9.13
16192.52,-2.43,7.10,-5.21,2.89,-2.89,-2.79,-4.94,-5.32,-8.10,-9.53
16354.45,-2.47,7.37,-5.58,2.77,-2.77,-2.67,-4.79,-5.24,-8.35,-9.84
16517.99,-3.16,6.89,-5.97,2.64,-2.64,-2.55,-4.59,-5.80,-8.61,-10.05
16683.17,-3.74,6.41,-6.36,2.51,-2.51,-2.43,-4.32,-6.25,-8.87,-10.15
16850.01,-4.89,5.25,-6.75,2.38,-2.38,-2.31,-4.02,-7.27,-9.13,-10.14
17018.51,-6.12,3.91,-7.15,2.24,-2.24,-2.19,-3.69,-8.37,-9.39,-10.03
17188.69,-7.70,2.27,-7.55,2.11,-2.11,-2.07,-3.34,-9.81,-9.66,-9.97
17360.58,-8.83,0.98,-7.96,1.97,-1.97,-1.95,-3.01,-10.80,-9.93,-9.81
17534.18,-9.77,-0.17,-8.38,1.82,-1.82,-1.83,-2.68,-11.60,-10.20,-9.60
17709.53,-10.76,-1.38,-8.80,1.68,-1.68,-1.71,-2.37,-12.44,-10.47,-9.38
17886.62,-11.26,-2.08,-9.22,1.53,-1.53,-1.59,-2.09,-12.80,-10.75,-9.18
18065.49,-11.33,-2.14,-9.65,1.38,-1.38,-1.47,-1.82,-12.71,-11.03,-9.19
18246.14,-11.31,-1.95,-10.08,1.23,-1.23,-1.36,-1.59,-12.54,-11.31,-9.36
18428.60,-11.63,-2.10,-10.52,1.07,-1.07,-1.24,-1.37,-12.71,-11.60,-9.53
18612.89,-12.80,-3.11,-10.97,0.91,-0.91,-1.13,-1.18,-13.72,-11.88,-9.69
18799.02,-12.97,-3.14,-11.42,0.75,-0.75,-1.02,-1.01,-13.73,-12.17,-9.83
18987.01,-11.66,-1.69,-11.88,0.59,-0.59,-0.92,-0.86,-12.25,-12.47,-9.97
19176.88,-12.23,-1.84,-12.34,0.42,-0.42,-0.81,-0.73,-12.66,-12.76,-10.39
19368.65,-12.26,-1.43,-12.80,0.26,-0.26,-0.71,-0.61,-12.52,-13.06,-10.83
19562.33,-11.17,0.09,-13.27,0.08,-0.08,-0.62,-0.51,-11.26,-13.36,-11.26
19757.96,-9.13,2.55,-13.75,-0.09,0.09,-0.53,-0.41,-9.05,-13.66,-11.68
19955.54,-8.48,3.60,-14.23,-0.27,0.27,-0.45,-0.34,-8.22,-13.96,-12.08
